UDID,major,minor,authority,lat,lon,rotation
BCT_3D_4G_0207024,E-Peltason,Anteater,UCI
BCT_VS_4G_0207024,E-Peltason,Anteater,UCI
BCT_3D_VS_0207024,E-Peltason,Anteater,UCI
BCT_3D_4G_0207025,E-Peltason,Anteater,UCI
BCT_3D_4G_0207032,E-Peltason,Pereira,UCI
BCT_VS_4G_0207032,E-Peltason,Pereira,UCI
BCT_3D_4G_0207034,E-Peltason,Pereira,UCI
BCT_3D_4G_0207059,Campus,W-Peltason,UCI
BCT_3D_4G_0207033,E-Peltason,Los-Trancos,UCI
BCT_3D_4G_0207031,E-Peltason,Engineering-Service,UCI
BCT_3D_4G_0207026,W-Peltason,Michael-Drake,UCI
BCT_3D_4G_0207028,W-Peltason,Pereira,UCI
BCT_3D_4G_0207027,W-Peltason,Mesa,UCI
BCT_3D_4G_0207030,Health-Sciences,Michael-Drake,UCI
BCT_3D_4G_0207035,California,Michael-Drake,UCI
BCT_3D_4G_0207001,Campus,Cornell,COI,33.6485,-117.832472,-103.0
BCT_3D_4G_0207055,Culver,University,COI,33.6571664,-117.8280232,-88.5
BCT_VS_4G_0207002,Culver,University,COI
BCT_3D_4G_0207004,University,Campus,COI
BCT_3D_4G_0207006,University,Campus,COI
BCT_VS_4G_0207004,University,Campus,COI
BCT_3D_4G_0207057,Campus,W-Peltason,COI
BCT_3D_4G_0207003,Campus,E-Peltason,COI
BCT_3D_4G_0207005,Campus,E-Peltason,COI
BCT_VS_4G_0207003,Campus,E-Peltason,COI
BCT_3D_4G_0207008,Culver,Campus,COI
BCT_3D_4G_0207015,Culver,Campus,COI
BCT_3D_VS_0207008,Culver,Campus,COI
BCT_3D_4G_0207054,Campus,California,COI
BCT_3D_4G_0207018,Campus,California,COI
BCT_3D_4G_0207016,Campus,Stanford,COI
BCT_3D_4G_0207014,Culver,Anteater,COI
BCT_3D_4G_0207010,Culver,Anteater,COI
BCT_VS_4G_0207010,Culver,Anteater,COI
BCT_3D_4G_0207011,Culver,Vista-del-Campo,COI
BCT_3D_4G_0207013,Culver,Harvard,COI
BCT_3D_4G_0207012,Culver,Harvard,COI
BCT_VS_4G_0207012,Culver,Harvard,COI
OBC-AG-SA-B972370,Culver,Michelson,COI,33.665756,-117.826501,180
BCT_3D_4G_0207020,Culver,Michelson,COI
OBC-AG-SA-C251065,University,Harvard,COI,33.657632,-117.838812,180
BCT_3D_4G_0207021,University,California,COI
BCT_3D_4G_0207022,University,Mesa,COI
BCT_3D_4G_0207023,Harvard,Bridge,COI
